  <table>
   <label path="OBJE" cols="2"/>
   <row><label path="OBJE:TITL" gedcom="5.5"/><bean path="OBJE:TITL" gedcom="5.5" wx="1"/></row>
   <row><label path="OBJE:FORM" gedcom="5.5"/><bean path="OBJE:FORM"  gedcom="5.5" wx="1"/></row>
   <row><label path="OBJE:BLOB" ay="0" gedcom="5.5"/><bean path="OBJE:BLOB"  gedcom="5.5" wx="1" wy="1"/></row>
   <row><label path="OBJE:FILE:TITL"  gedcom="5.5.1"/><bean path="OBJE:FILE:TITL" gedcom="5.5.1" wx="1"/></row>
   <row><label path="OBJE:FILE:FORM" gedcom="5.5.1"/><bean path="OBJE:FILE:FORM" gedcom="5.5.1" wx="1"/></row>
   <row><label path="OBJE:FILE" ay="0" gedcom="5.5.1" /><bean path="OBJE:FILE" gedcom="5.5.1" wx="1" wy="1"/></row>
   <bean path="." type="genj.edit.beans.ReferencesBean" cols="2"/>
  </table>
